{
  "cities": {
    "上海": [31.257542, 121.469793],
    "东莞": [23.031780, 113.754229],
    "中山": [22.531650, 113.394427],
    "丽水": [28.475965, 119.923532],
    "乌鲁木齐": [43.830589, 87.616861],
    "佛山": [23.032411, 113.121829],
    "保定": [38.881172, 115.463769],
    "兰州": [36.067723, 103.835428],
    "北京": [39.918217, 116.406054],
    "南京": [32.072161, 118.795580],
    "南宁": [22.824954, 108.367288],
    "南昌": [28.688811, 115.858247],
    "南通": [31.985686, 120.894105],
    "厦门": [24.483259, 118.089398],
    "台州": [28.664112, 121.422479],
    "合肥": [31.828887, 117.227762],
    "呼和浩特": [40.844606, 111.749943],
    "哈尔滨": [45.805841, 126.535138],
    "唐山": [39.637449, 118.178422],
    "嘉兴": [30.757046, 120.758904],
    "大连": [38.918044, 121.613710],
    "天津": [39.094952, 117.203250],
    "太原": [37.873512, 112.549885],
    "宁波": [29.874618, 121.545389],
    "宿迁": [33.969303, 118.277299],
    "常州": [31.812682, 119.974927],
    "广州": [23.139162, 113.268771],
    "廊坊": [39.541130, 116.684693],
    "张家口": [40.828112, 114.887570],
    "徐州": [34.209560, 117.286813],
    "惠州": [23.117976, 114.417321],
    "成都": [30.661556, 104.065007],
    "扬州": [32.402314, 119.416101],
    "承德": [40.955472, 117.962918],
    "拉萨": [29.647042, 91.141600],
    "无锡": [31.496341, 120.310457],
    "昆明": [24.882871, 102.833336],
    "杭州": [30.277170, 120.155343],
    "株洲": [27.831502, 113.132847],
    "武汉": [30.596711, 114.305638],
    "江门": [22.583599, 113.081864],
    "沈阳": [41.808570, 123.432015],
    "沧州": [38.305840, 116.839136],
    "泰州": [32.462587,119.925592],
    "济南": [36.657156, 117.121675],
    "海口": [20.038548,110.330064],
    "淮安": [33.613919,119.016369],
    "深圳": [22.546981,114.058274],
    "温州": [27.998661,120.700024],
    "湖州": [30.898263, 120.087536],
    "湘潭": [27.832868, 112.944192],
    "珠海": [22.276739,113.577211],
    "盐城": [33.354363,120.162828],
    "石家庄": [38.045807,114.51455],
    "福州": [26.078695,119.296178],
    "秦皇岛": [39.936267,119.60067],
    "绍兴": [29.997693,120.586247],
    "肇庆": [23.051793, 112.465256],
    "舟山": [29.988408,122.206868],
    "苏州": [31.302917,120.586728],
    "衡水": [37.744700, 115.691172],
    "衢州": [28.974372,118.860329],
    "西宁": [36.618841,101.778426],
    "西安": [34.348567,108.940294],
    "贵阳": [26.65177,106.630486],
    "连云港": [34.600589,119.221676],
    "邢台": [37.071618,114.504945],
    "邯郸": [36.631813,114.539201],
    "郑州": [34.75009,113.625516],
    "重庆": [29.566903,106.551522],
    "金华": [29.081009,119.647517],
    "银川": [38.489211,106.231407],
    "镇江": [32.190882,119.42664],
    "长春": [43.824645,125.325372],
    "长沙": [28.236075,112.941034],
    "青岛": [36.068604,120.383086]
  }
}